"First Name","Last Name","Occupation","Email Address","Phone Number"
"Nikola","IvanoviÄ‡","Software Engineer","nikola@mernql.com","123-456-789"
"Beth","Smith","Accountant","beth17smith@mernql.com","423-567-976"
"Ted","Clark","Veterinarian","ted.clark@mernql.com","108-235-734"
"Janice","Wilson","Doctor","jan.wilson@mernql.com","147-873-907"
"Maurice","Banner","Firefighter","maurice.b@mernql.com","214-236-897"
"Lucy","Parker","Secretary","lucyparkery71b@mernql.com","209-089-143"
"Frank","Jones","Plumber","frank.jonesb@mernql.com","645-437-238"
"Luke","Parker","Auto mechanic","parker.luke@mernql.com","504-769-203"
"Michael","Brock","Attorney","michael.brock@mernql.com","704-463-256"
"Joe","Dickens","IT Technician","dickensjoe@mernql.com","502-011-235"
"Monica","McCarthy","Librarian","mccarthy.monicca@mernql.com","845-203-112"
"Lily","Davidson","Architect","davidson.lily@mernql.com","784-251-640"
"Trevor","Hunter","Entrepreneur ","hunter.trevor@mernql.com","389-470-237"
"Tim","Hart","Librarian","tim.hart@mernql.com","184-253-084"
"Victor","Hill","Teacher","hill.victor@mernql.com","312-491-768"
"Joan","Howard","Chef","joan.hovard@mernql.com","023-569-712"
"Jessica","Davidson","Fitness Instructor","davidson.jessica@mernql.com","157-273-784"